company_name,homepage_url,status,team_page_url,team_page_status,has_cmo,has_vp_marketing,has_head_of_marketing,has_marketing_director,has_marketing_manager,has_head_of_growth,has_vp_growth,has_head_of_content,has_content_director,has_head_of_seo,marketing_titles_count,marketing_titles_list,has_marketing_leader,marketing_leader_seniority,founder_has_marketing_title,founder_marketing_pattern,mentions_fractional,fractional_mention_context,careers_page_url,careers_page_status,marketing_jobs_open_count,marketing_job_titles,linkedin_company_url,confidence_tier,error_note
github.com,https://github.com/,ok,https://github.com/team,ok,false,false,false,false,false,false,false,false,false,false,0,,false,,false,,false,,https://www.github.careers/careers-home,ok,0,,https://www.linkedin.com/company/github,high,
fastly.net,https://www.fastly.com/,ok,https://www.fastly.com/products,ok,false,false,false,false,false,false,false,false,false,false,0,,false,,false,,false,,https://www.fastly.com/about/careers,ok,0,,https://www.linkedin.com/company/fastly,high,
office.com,https://www.office.com/,ok,https://login.microsoftonline.com/common/oauth2/v2.0/authorize?client_id=4765445b-32c6-49b0-83e6-1d93765276ca&redirect_uri=https%3A%2F%2Fwww.office.com%2Flandingv2&response_type=code%20id_token&scope=openid%20profile%20https%3A%2F%2Fwww.office.com%2Fv2%2FOfficeHome.All&response_mode=form_post&nonce=639169694366309604.ZGI3NGRjNTUtMTFlNC00Nzg0LWI2NmMtNTcwMWNiMzk4N2E2MzNmODllZGYtOTZhNy00ZDkyLTg5Y2EtZjc1MmYxMTk4ZTc3&ui_locales=en-US&mkt=en-US&client-request-id=67b5bd77-1572-4bc0-af81-70bf144e4351&state=sc0kyo2h9cFmgoPvLvoJSh-Tf1OQVtaVgBHw-v7oh8Hy5UVRzS6FNE7i8dF8HmaEvcF-Lqkh3rfih6gLeF5a-1Zu5vDNFWxNp3Kr4GlRsKHjz6uMj51b3DpeXMu7qByJ4pbhaZuydZiMgbxlUTbiGD9TRMVNFgBM2C92Xg2IkBQ-bFT23TNENR6ORon6Tj0pudj27I8hmRwpOVSEnof-I-ljAIbR6QHWEPR0F5RIjb3tpgja6sFEFLcfe8XYRgTxC5qrXQu5WJeF7_ogYeuVghVMTm9yorZxu27J0SDAUllR4C5oyv5nmNKMBLUKRAIkmKnm2mJjq3kDZ-UmCXB4kDUlIedn83RU-4xffCdimoHGPAxEOdFucinvBA4yKNaCQgQ2dpZxrkJPriVvtXl5jfi5xByEP-LNIOcG-KzDPW61MocpvuaIt-3M-pOE9KN8_QEN8bePfJF86asIHsgkRX3FajgwIOXMsZRhPORi_vctbUO-5xBwsiYSyLnjseHs&x-client-SKU=ID_NET8_0&x-client-ver=8.14.0.0,ok,false,false,false,false,false,false,false,false,false,false,0,,false,,false,,false,,https://login.microsoftonline.com/common/oauth2/v2.0/authorize?client_id=4765445b-32c6-49b0-83e6-1d93765276ca&redirect_uri=https%3A%2F%2Fwww.office.com%2Flandingv2&response_type=code%20id_token&scope=openid%20profile%20https%3A%2F%2Fwww.office.com%2Fv2%2FOfficeHome.All&response_mode=form_post&nonce=639169694368903246.ZjU5MjA2MDQtMzAxOC00YjE1LWI1NzctOWYyNzA1MmYxM2M4NmE5YTUxODEtZDE3OS00NGEzLWJmZjktY2Q2MDM2MWEwZjA1&ui_locales=en-US&mkt=en-US&client-request-id=d4542df5-baf6-45ba-ba4b-23c29b171655&state=VaIKH7hfao9-RI4oSGOkoQc8ETiKjgv7EZ_EWEeDXl3QAXqJS3j_1wbuXd-GZUWQNHpoERoT1Gpp6TSHBFEV6h0SNHY1SisaOXyI-bg7jauwP4P17eCwZxrug9kMt3kC63AX55Gvu2wsQ7ikq3BspM0SKFAX2Gw7TQ5qU1032MHaWKclbpdw-WhOnUEIGJlq_Gc-k6OF4JA28DT89f7G8Da6zomS18YIeWAax-Pgt219Wip3RC9-It3_FsOvNqBiaPH8OV8WqxEVq0IzN6GXxwLhj2kxiylCWcHD-9G1Ep_YujPOXyeEi0ilEPlqfqgjY5684v5fHtdBFEII6ugkpblM3DvuMjnHq6o4qQs2tm5rD-xzlMVfmUwpM5ujh8YZdJ3r75EB4j4lBdWo6OtBv4YV4Jswh5jzGGIewSqdEf55FiEW1eDN1VRVsoZanvXbep5WdLUr12Po9pASDuk4IL9NUs3HQ4cXhvAyTLWszzpGsDBj6t4N67U_a9fQrMihZkkwlYog14KP8PniziV1mQ&x-client-SKU=ID_NET8_0&x-client-ver=8.14.0.0,ok,0,,https://www.linkedin.com/company/3509299,high,
chatgpt.com,https://chatgpt.com/,ok,https://chatgpt.com/team,ok,false,false,false,false,false,false,false,false,false,false,0,,false,,false,,false,,https://chatgpt.com/careers,ok,0,,,medium,
vimeo.com,https://vimeo.com/,ok,https://vimeo.com/team,ok,false,false,false,false,false,false,false,false,false,false,0,,false,,false,,false,,https://vimeo.com/careers,ok,1,"Associate, Marketing I manage a Talent Acquisition team at Vimeo",https://www.linkedin.com/company/vimeo,high,
cloud.microsoft,https://m365.cloud.microsoft/,ok,https://login.microsoftonline.com/common/oauth2/v2.0/authorize?client_id=4765445b-32c6-49b0-83e6-1d93765276ca&redirect_uri=https%3A%2F%2Fm365.cloud.microsoft%2Flandingv2&response_type=code%20id_token&scope=openid%20profile%20https%3A%2F%2Fwww.office.com%2Fv2%2FOfficeHome.All&response_mode=form_post&nonce=639169694396070090.ODIyMTJkNTYtYzI0OC00Y2IyLWExMjAtOTQ0Nzc0ODMxMzM0ZmY1ZDA4ZmYtYzU5Ny00NTczLTkzMGUtZDIzNzc1NDA2NmJh&ui_locales=en-US&mkt=en-US&client-request-id=d9af1ddc-b84f-4051-a99a-5fd0f882e6a8&state=ac5HBg-jikH4_n51wFZDEGOVj16ORPcdpqCbD1A_alxgJg18wnpVNyJdwHFd1utnU6RGE4yas_bAaRjOsmmTh3AQRkaeHgdAmnZyHvL7Mr2oyUX0_aJ0KwcfiwQQt9HQIYqOxrbtM1azswusmqaewzviJPXyV-gwPyITF1wM3mUOB7Yyr6ZTv5oKpWdy4-ED8iYIGxb94lISSy6m3589tfqzIpxgVgs1hec_MBsN8gOnLsgK9xgzSzpFWG8i5Ozj4vUTy6eVtYPwH2u5DF8UpdcQc2iH4n0TaibsWV7Bzhiv0FFIsNzOGMXpzHNg5wIJ9IVL4-IOOgBV0wb-r6lnhVZDcuI5HVEX96femDx8RQYY-oKbdceWLFOJSdHJNGaumrQ2gVEcqPV7mwCyL-4RwE5HNJO-zA4-hrSLRvDg4ezSsVcr7fP1YKDbao9a6bls7ozRM4558yHptz3aPJJ8TwMOS6K9pCU_r0xXbK3UIJ9HXEPRJRvwm2ThZJ6WQEjaFCa_mG1QGwbgiXzqsnJ2PQ&x-client-SKU=ID_NET8_0&x-client-ver=8.14.0.0,ok,false,false,false,false,false,false,false,false,false,false,0,,false,,false,,false,,https://login.microsoftonline.com/common/oauth2/v2.0/authorize?client_id=4765445b-32c6-49b0-83e6-1d93765276ca&redirect_uri=https%3A%2F%2Fm365.cloud.microsoft%2Flandingv2&response_type=code%20id_token&scope=openid%20profile%20https%3A%2F%2Fwww.office.com%2Fv2%2FOfficeHome.All&response_mode=form_post&nonce=639169694397796065.ZjQzMmM3MTMtMTZjMi00MmI4LWE4NTQtMzU1NjNkYWNhNmRiNzg4M2NhYTEtNjhhYy00NzZlLWE5YWQtOTg0NjhjZjJjZWM1&ui_locales=en-US&mkt=en-US&client-request-id=c5bdbb45-1790-4842-ad1a-0bbcc9b3d459&state=XD_RM7A4GHd7WUbAq7XcgKxrk2EoFFrkgmirT5KMGIDJcMoOvQHdhbPiXjpjAxSCPHKpseK47T7LdCYJQ23v8MUzoOb0y9_b7NLXCLWJWoTy-aX_tV2LffiSuILXhAbqEsgoYlE_RBy_idj1JzSAKoQMGuakOKQXDu1qZ3sWqmn9889fwJ6n0YfQfgc0tDyMVPWTAF_JvnfAgnRNkEy2BDRYRC1hgv8c4ixIEMRNj9aU-rhWWuPWgsXJB97FF_Dig9L9srPrqBl2BB1gYqOLkibjUQLy-Jc5i4KItlorxRaEEKfZ-y01yaKU6fGIixHljAF136bfl9AG8RRQBRmQaUPyLwo9waR1uS64FjJBi_D519N9gmZl7hoKuoDXU6CYQdJCknMQJh4-HyHptJMOQbzDXbl5zB_b_oqAR2uW90bfpfPoynRTEQk9h3KDy34NBnWmYKwvxMwF4B573cLWRPMjKmBp2xpc-olYkbhAeaTQ5dUJ2CIL2mMKbhEwIWY0oQYigZes1qiNPJ4l6oTgfw&x-client-SKU=ID_NET8_0&x-client-ver=8.14.0.0,ok,0,,https://www.linkedin.com/company/3509299,high,
zoom.us,https://www.zoom.com/,ok,https://www.zoom.com/en/about/,ok,false,false,false,false,false,false,false,false,false,false,0,,false,,false,,false,,https://careers.zoom.us/home,ok,0,,https://www.linkedin.com/company/zoom,high,
wordpress.com,https://wordpress.com/,ok,https://wordpress.com/about/,ok,false,false,false,false,false,false,false,false,false,false,0,,false,,false,,false,,https://wordpress.com/careers/,ok,0,,,medium,
bit.ly,https://bitly.com/,ok,https://bitly.com/pages/about,ok,true,false,false,false,false,false,false,false,false,false,1,chief marketing officer,true,cmo,false,,false,,https://topresume.com/,ok,0,,https://www.linkedin.com/company/bitly,high,
b-cdn.net,https://bunny.net/,ok,https://bunny.net/about/,ok,false,false,false,false,false,false,false,false,false,false,0,,false,,false,,false,,https://bunny.net/careers/,ok,0,,https://www.linkedin.com/company/bunnynet,high,
one.one,https://www.one.com/en-gb/,ok,https://www.one.com/en-gb/about/,ok,false,false,false,false,false,false,false,false,false,false,0,,false,,false,,false,,,missing,,,https://www.linkedin.com/company/one,medium,
oxylabs.io,https://oxylabs.io/,ok,https://oxylabs.io/about-us,ok,false,false,false,false,false,false,false,false,false,false,0,,false,,false,,false,,,missing,,,https://www.linkedin.com/company/oxylabs-io,medium,
vungle.com,https://liftoff.ai/,ok,https://liftoff.ai/mobile-heroes/about/,ok,false,false,false,false,false,false,false,false,false,false,0,,false,,false,,false,,https://liftoff.ai/company/careers/,ok,0,,https://www.linkedin.com/company/liftoffmobile,high,
ubuntu.com,https://ubuntu.com/,ok,https://ubuntu.com/about,ok,false,false,false,false,false,false,false,false,false,false,0,,false,,false,,false,,https://canonical.com/careers,ok,0,,https://www.linkedin.com/company/234280,high,
cpanel.net,https://www.cpanel.net/,ok,https://www.cpanel.net/company/,ok,false,false,false,false,false,false,false,false,false,false,0,,false,,false,,false,,https://www.cpanel.net/company/,ok,0,,https://www.linkedin.com/company/cpanel,high,
shopify.com,https://www.shopify.com/,ok,https://www.shopify.com/about,ok,false,false,false,false,false,false,false,false,false,false,0,,false,,false,,false,,https://www.shopify.com/careers,ok,2,Marketing Manager;Marketing Lead,https://www.linkedin.com/company/shopify,high,
forter.com,https://www.forter.com/,ok,https://www.forter.com/company/,ok,false,false,false,false,false,false,false,false,false,false,0,,false,,false,,false,,https://www.forter.com/careers/,ok,0,,https://www.linkedin.com/company/forter,high,
salesforce.com,https://www.salesforce.com/eu/?ir=1&bc=DB,ok,https://www.salesforce.com/eu/?ir=1&bc=DB/team,ok,false,false,false,false,false,false,false,false,false,false,0,,false,,false,,false,,https://www.salesforce.com/eu/?ir=1&bc=DB/careers,ok,0,,,medium,
hubspot.com,https://www.hubspot.com/,ok,https://www.hubspot.com/our-story,ok,false,true,true,false,true,false,false,false,false,false,3,marketing manager;head of marketing;vp of marketing,true,vp_marketing,false,,false,,https://www.hubspot.com/careers,ok,0,,https://www.linkedin.com/company/hubspot,high,
dnsmadeeasy.com,https://dnsmadeeasy.com/,ok,https://www.digicert.com/about,ok,true,false,false,false,false,false,false,false,false,false,2,chief marketing officer;cmo,true,cmo,false,,false,,https://www.digicert.com/careers,ok,0,,https://www.linkedin.com/company/dns-made-easy,high,
linktr.ee,https://linktr.ee/,ok,https://linktr.ee/team,ok,false,false,false,false,false,false,false,false,false,false,0,,false,,false,,false,,https://linktr.ee/s/about/careers,ok,0,,,medium,
launchdarkly.com,https://launchdarkly.com/,ok,https://launchdarkly.com/team/,ok,false,false,false,false,false,false,false,false,false,false,0,,false,,false,,false,,https://launchdarkly.com/careers/,ok,0,,https://www.linkedin.com/company/launchdarkly,high,
hcaptcha.com,https://www.hcaptcha.com/,ok,https://www.hcaptcha.com/about,ok,false,false,false,false,false,false,false,false,false,false,0,,false,,false,,false,,,missing,,,https://www.linkedin.com/company/hcaptcha,medium,
trueconf.net,https://trueconf.com/,ok,https://trueconf.com/company/contacts.html,ok,false,false,false,false,false,false,false,false,false,false,0,,false,,false,,false,,,missing,,,https://www.linkedin.com/company/trueconf,medium,
checkpoint.com,https://www.checkpoint.com/,ok,https://www.checkpoint.com/team/,ok,false,false,false,false,false,false,false,false,false,false,0,,false,,false,,false,,https://www.checkpoint.com/careers/,ok,0,,https://www.linkedin.com/company/check-point-software-technologies,high,
slack.com,https://slack.com/,ok,https://slack.com/about,ok,false,false,false,false,false,false,false,false,false,false,0,,false,,false,,false,,https://slack.com/careers,ok,0,,https://www.linkedin.com/company/tiny-spec-inc,high,
amplitude.com,https://amplitude.com/,ok,https://amplitude.com/company,ok,false,false,false,false,false,false,false,false,false,false,0,,false,,false,,false,,https://amplitude.com/careers,ok,0,,https://www.linkedin.com/company/amplitude-analytics,high,
appsflyer.com,https://www.appsflyer.com/,ok,https://www.appsflyer.com/company/about/,ok,false,false,false,false,false,false,false,false,false,false,0,,false,,false,,false,,https://careers.appsflyer.com/,ok,0,,https://www.linkedin.com/company/appsflyerhq,high,
calendly.com,https://calendly.com/,ok,https://calendly.com/about,ok,false,false,false,false,false,false,false,false,false,false,0,,false,,false,,false,,https://calendly.com/careers,ok,0,,https://www.linkedin.com/company/calendly,high,
gitlab.com,https://about.gitlab.com/,ok,https://about.gitlab.com/company/,ok,false,false,false,false,false,false,false,false,false,false,0,,false,,false,,false,,https://about.gitlab.com/jobs/,ok,0,,https://www.linkedin.com/company/gitlab-com,high,
plesk.com,https://www.plesk.com/,ok,https://www.plesk.com/about-us/,ok,false,false,false,false,false,false,false,false,false,false,0,,false,,false,,false,,https://www.plesk.com/careers/,ok,1,Marketing Manager,https://www.linkedin.com/company/plesk,high,
zendesk.com,https://www.zendesk.com/,ok,https://www.zendesk.com/company/,ok,false,false,false,false,false,false,false,false,false,false,0,,false,,false,,false,,https://www.zendesk.com/company/careers/,ok,0,,https://www.linkedin.com/company/zendesk,high,
aliyun.com,https://www.alibabacloud.com/en?_p_lc=1&f-8DC992C756BA=,ok,https://www.alibabacloud.com/en?_p_lc=1&f-8DC992C756BA=/team,ok,false,false,false,false,false,false,false,false,false,false,0,,false,,false,,false,,https://www.alibabacloud.com/en?_p_lc=1&f-8DC992C756BA=/careers,ok,0,,https://www.linkedin.com/company/alibabacloudtech,high,
wp.com,https://wordpress.com/,ok,https://wordpress.com/about/,ok,false,false,false,false,false,false,false,false,false,false,0,,false,,false,,false,,https://wordpress.com/careers/,ok,0,,,medium,
slideshare.net,https://www.slideshare.net/,ok,https://www.slideshare.net/team,ok,false,false,false,false,false,false,false,false,false,false,0,,false,,false,,false,,https://www.slideshare.net/careers,ok,0,,,medium,
behance.net,https://www.behance.net/,ok,https://www.behance.net/about,ok,false,false,false,false,false,false,false,false,false,false,0,,false,,false,,false,,https://www.adobe.com/careers.html,ok,0,,,medium,
docker.com,https://www.docker.com/,ok,https://www.docker.com/company/,ok,true,false,false,false,false,false,false,false,false,false,1,chief marketing officer,true,cmo,false,,false,,https://www.docker.com/careers/,ok,0,,https://www.linkedin.com/company/docker,high,
dynatrace.com,https://www.dynatrace.com/,ok,https://www.dynatrace.com/company/,ok,false,false,false,false,false,false,false,false,false,false,0,,false,,false,,false,,https://www.dynatrace.com/careers/,ok,0,,https://www.linkedin.com/company/dynatrace,high,
visualstudio.com,https://visualstudio.microsoft.com/,ok,,missing,false,false,false,false,false,false,false,false,false,false,0,,false,,false,,false,,https://visualstudio.microsoft.com/careers/,ok,0,,,low,
trendmicro.com,https://www.trendmicro.com/en_gb/business.html,ok,https://www.trendmicro.com/en_gb/business.html/team.html,ok,false,false,false,false,false,false,false,false,false,false,0,,false,,false,,false,,https://www.trendmicro.com/en_gb/business.html/careers.html,ok,0,,https://www.linkedin.com/company/trendai-security,high,
hotjar.com,https://contentsquare.com/hotjar/?utm_campaign=exp__hj_hp_redirection,ok,https://contentsquare.com/hotjar/?utm_campaign=exp__hj_hp_redirection/team,ok,false,false,false,false,false,false,false,false,false,false,0,,false,,false,,false,,https://contentsquare.com/hotjar/?utm_campaign=exp__hj_hp_redirection/careers,ok,0,,https://www.linkedin.com/company/contentsquare,high,
okta.com,https://www.okta.com/,ok,https://www.okta.com/company/,ok,false,false,false,false,false,false,false,false,false,false,0,,false,,false,,false,,https://www.okta.com/company/careers/,ok,1,Marketing Manager,https://www.linkedin.com/company/okta-inc-,high,
cookielaw.org,https://www.onetrust.com/products/cookie-consent/,ok,https://www.onetrust.com/error-pages/404/,ok,false,false,false,false,false,false,false,false,false,false,0,,false,,false,,false,,https://www.onetrust.com/error-pages/404/,ok,0,,https://www.linkedin.com/company/onetrust,high,
wix.com,https://www.wix.com/,ok,https://www.wix.com/about/us,ok,false,false,false,false,false,false,false,false,false,false,0,,false,,false,,false,,https://careers.wix.com/,ok,0,,https://www.linkedin.com/company/wix-com,high,
surveymonkey.com,https://www.surveymonkey.com/,ok,https://www.surveymonkey.com/login?ep=%2Fteam%2F,ok,false,false,false,false,false,false,false,false,false,false,0,,false,,false,,false,,https://www.surveymonkey.com/careers/,ok,0,,https://www.linkedin.com/company/surveymonkey,high,
onetrust.com,https://www.onetrust.com/,ok,https://www.onetrust.com/error-pages/404/,ok,false,false,false,false,false,false,false,false,false,false,0,,false,,false,,false,,https://www.onetrust.com/careers/,ok,0,,https://www.linkedin.com/company/onetrust,high,
braze.com,https://www.braze.com/,ok,https://www.braze.com/company,ok,false,false,false,false,false,false,false,false,false,false,0,,false,,false,,false,,https://www.braze.com/company/careers,ok,1,marketing lead,https://www.linkedin.com/company/792882,high,
branch.io,https://www.branch.io/,ok,https://www.branch.io/about/,ok,false,false,false,false,false,false,false,false,false,false,0,,false,,false,,false,,https://www.branch.io/careers/,ok,0,,https://www.linkedin.com/company/branch-metrics,high,
independent.co.uk,https://www.independent.co.uk/,ok,,missing,false,false,false,false,false,false,false,false,false,false,0,,false,,false,,false,,https://www.independent.co.uk/final-say/brexit-second-referendum-peoples-vote-march-london-final-say-many-voices-one-story-a9119776.html?utm_medium=print&utm_source=evening-standard&utm_campaign=mvos%7C1019-1019%7C&utm_content=10x7&utm_term=article,ok,0,,https://www.linkedin.com/company/the-independent,medium,
jotform.com,https://www.jotform.com/,ok,https://www.jotform.com/about/,ok,false,false,false,false,false,false,false,false,false,false,0,,false,,false,,false,,https://www.jotform.com/jobs/,ok,0,,https://www.linkedin.com/company/jotform,high,
intercom.io,https://www.intercom.com/,ok,https://fin.ai/about,ok,false,false,false,false,false,false,false,false,false,false,0,,false,,false,,false,,https://fin.ai/careers,ok,0,,https://www.linkedin.com/company/intercom,high,
stackadapt.com,https://www.stackadapt.com/,ok,https://www.stackadapt.com/company,ok,false,false,false,false,false,false,false,false,false,false,0,,false,,false,,false,,https://www.stackadapt.com/careers,ok,0,,https://linkedin.com/company/stackadapt,high,
klaviyo.com,https://www.klaviyo.com/uk/,ok,https://www.klaviyo.com/uk/about,ok,true,false,false,false,false,false,false,false,false,false,1,chief marketing officer,true,cmo,false,,false,,,missing,,,https://www.linkedin.com/company/klaviyo,high,
newrelic.com,https://newrelic.com/,ok,https://newrelic.com/about,ok,false,false,false,false,false,false,false,false,false,false,0,,false,,false,,false,,https://newrelic.com/careers,ok,0,,https://www.linkedin.com/company/new-relic-inc-,high,
dreamhost.com,https://www.dreamhost.com/,ok,https://www.dreamhost.com/company/,ok,false,false,false,false,false,false,false,false,false,false,0,,false,,false,,false,,https://www.dreamhost.com/careers/,ok,0,,,medium,
bugsnag.com,https://www.bugsnag.com/,ok,,missing,false,false,false,false,false,false,false,false,false,false,0,,false,,false,,false,,,missing,,,https://www.linkedin.com/company/smartbear,low,
cursor.sh,https://cursor.com/,ok,https://cursor.com/team,ok,false,false,false,false,false,false,false,false,false,false,0,,false,,false,,false,,https://cursor.com/careers,ok,3,Marketing Manager;Marketing Specialist;Marketing Lead,https://www.linkedin.com/company/cursorai,high,
uber.com,https://www.uber.com/pt/en/,ok,https://www.uber.com/pt/en/about/,ok,false,false,false,false,false,false,false,false,false,false,0,,false,,false,,false,,,missing,,,https://www.linkedin.com/company/1815218,medium,
mailchimp.com,https://mailchimp.com/pt-br/,ok,https://mailchimp.com/pt-br/about/,ok,false,false,false,false,false,false,false,false,false,false,0,,false,,false,,false,,https://mailchimp.com/pt-br/jobs/,ok,0,,https://www.linkedin.com/company/mailchimp,high,
zoom.com,https://www.zoom.com/,ok,https://www.zoom.com/en/about/,ok,false,false,false,false,false,false,false,false,false,false,0,,false,,false,,false,,https://careers.zoom.us/home,ok,0,,https://www.linkedin.com/company/zoom,high,
anthropic.com,https://www.anthropic.com/,ok,https://claude.com/pricing,ok,false,false,false,false,false,false,false,false,false,false,0,,false,,false,,false,,https://www.anthropic.com/careers,ok,0,,https://www.linkedin.com/company/anthropicresearch,high,
liftoff.io,https://liftoff.ai/,ok,https://liftoff.ai/mobile-heroes/about/,ok,false,false,false,false,false,false,false,false,false,false,0,,false,,false,,false,,https://liftoff.ai/company/careers/,ok,0,,https://www.linkedin.com/company/liftoffmobile,high,
freepik.com,https://www.magnific.com/,ok,,missing,false,false,false,false,false,false,false,true,false,false,1,head of content,true,head_of_content,false,,false,,https://jobs.magnific.com/,ok,0,,https://www.linkedin.com/company/magnific,medium,
mixpanel.com,https://mixpanel.com/home/,ok,,missing,false,false,false,false,false,false,false,false,false,false,0,,false,,false,,false,,,missing,,,,low,
cloudinary.com,https://cloudinary.com/,ok,https://cloudinary.com/about,ok,false,false,false,false,false,false,false,false,false,false,0,,false,,false,,false,,https://cloudinary.com/careers,ok,0,,https://www.linkedin.com/company/cloudinary,high,
no-ip.com,https://www.noip.com/,ok,https://www.noip.com/about,ok,false,false,false,false,true,false,false,false,false,false,1,senior marketing manager,false,marketing_manager,false,,false,,https://www.noip.com/careers,ok,1,Always Be Learning Growth is part of the job,https://linkedin.com/company/noip,high,
figma.com,https://www.figma.com/,ok,https://www.figma.com/,ok,false,false,false,false,false,false,false,false,false,false,0,,false,,false,,false,,https://www.figma.com/careers/,ok,1,Marketing Manager,https://www.linkedin.com/company/figma,high,
vercel.app,https://vercel.com/,ok,https://vercel.com/login?next=%2Fteam,ok,false,false,false,false,false,false,false,false,false,false,0,,false,,false,,false,,https://vercel.com/careers,ok,1,Marketing Manager,https://linkedin.com/company/vercel,high,
typeform.com,https://www.typeform.com/,ok,https://www.typeform.com/about-us,ok,false,false,false,false,false,false,false,false,false,false,0,,false,,false,,false,,https://www.typeform.com/careers,ok,0,,https://www.linkedin.com/company/typeform-,high,
readthedocs.io,https://about.readthedocs.com/?ref=app.readthedocs.org,ok,https://about.readthedocs.com/?ref=app.readthedocs.org/team,ok,false,false,false,false,false,false,false,false,false,false,0,,false,,false,,false,,https://about.readthedocs.com/?ref=app.readthedocs.org/careers,ok,0,,,medium,
jimdo.com,https://www.jimdo.com/,ok,https://www.jimdo.com/info/legal-notice/,ok,false,false,false,false,false,false,false,false,false,false,0,,false,,false,,false,,,missing,,,https://www.linkedin.com/company/jimdo,medium,
agora.io,https://www.agora.io/en/,ok,https://www.agora.io/en/about-us/,ok,false,false,false,false,false,false,false,false,false,false,0,,false,,false,,false,,https://www.agora.io/en/careers/,ok,0,,https://www.linkedin.com/company/agora-lab-inc,high,
docker.io,https://www.docker.com/,ok,https://www.docker.com/company/,ok,true,false,false,false,false,false,false,false,false,false,1,chief marketing officer,true,cmo,false,,false,,https://www.docker.com/careers/,ok,0,,https://www.linkedin.com/company/docker,high,
squarespace.com,https://www.squarespace.com/,ok,https://www.squarespace.com/about/company,ok,false,false,false,false,false,false,false,false,false,false,0,,false,,false,,false,,https://www.squarespace.com/about/careers,ok,0,,https://www.linkedin.com/company/squarespace,high,
mailchi.mp,https://mailchimp.com/pt-br/,ok,https://mailchimp.com/pt-br/about/,ok,false,false,false,false,false,false,false,false,false,false,0,,false,,false,,false,,https://mailchimp.com/pt-br/jobs/,ok,0,,https://www.linkedin.com/company/mailchimp,high,
rackspace.com,https://www.rackspace.com/,ok,https://www.rackspace.com/about,ok,false,false,false,false,false,false,false,false,false,false,0,,false,,false,,false,,https://rackspace.wd1.myworkdayjobs.com/External,ok,0,,https://www.linkedin.com/company/rackspace-technology,high,
onesignal.com,https://onesignal.com/,ok,https://onesignal.com/about,ok,false,false,false,false,false,false,false,false,false,false,0,,false,,false,,false,,https://onesignal.com/careers,ok,0,,https://www.linkedin.com/company/onesignal,high,
clever.com,https://www.clever.com/,ok,https://www.clever.com/about,ok,false,true,false,false,false,false,false,false,false,false,1,vp of marketing,true,vp_marketing,false,,false,,https://www.clever.com/about/careers,ok,0,,https://www.linkedin.com/company/clever-inc-,high,
segment.io,https://www.twilio.com/en-us/segment,ok,,missing,false,false,false,false,false,false,false,false,false,false,0,,false,,false,,false,,,missing,,,https://www.linkedin.com/company/twilio-inc-,low,
odoo.com,https://www.odoo.com/,ok,,missing,false,false,false,false,false,false,false,false,false,false,0,,false,,false,,false,,https://www.odoo.com/jobs,ok,0,,https://www.linkedin.com/company/odoo,medium,
ipinfo.io,https://ipinfo.io/,ok,https://ipinfo.io/about,ok,false,false,false,false,false,false,false,false,false,false,0,,false,,false,,false,,https://ipinfo.io/jobs,ok,0,,https://www.linkedin.com/company/ipinfo,high,
coursera.org,https://www.coursera.org/,ok,https://careers.coursera.com/homepage,ok,false,false,false,false,false,false,false,false,false,false,0,,false,,false,,false,,https://careers.coursera.com/homepage,ok,0,,https://www.linkedin.com/company/coursera,high,
ilovepdf.com,https://www.ilovepdf.com/,ok,,missing,false,false,false,false,false,false,false,false,false,false,0,,false,,false,,false,,,missing,,,https://www.linkedin.com/company/ilovepdf,low,
notion.so,https://www.notion.com/,ok,https://www.notion.com/about,ok,false,false,false,false,false,false,false,false,false,false,0,,false,,false,,false,,https://www.notion.com/careers,ok,1,Marketing Manager,https://www.linkedin.com/company/notionhq,high,
hostinger.com,https://www.hostinger.com/,ok,https://www.hostinger.com/about,ok,false,false,false,false,false,false,false,false,false,false,0,,false,,false,,false,,,missing,,,https://www.linkedin.com/company/hostinger,medium,
pendo.io,https://www.pendo.io/,ok,https://www.pendo.io/about/,ok,false,false,false,false,false,false,false,false,false,false,0,,false,,false,,false,,https://www.pendo.io/careers/,ok,0,,https://www.linkedin.com/company/pendo-io,high,
wise.com,https://wise.com/,ok,https://wise.com/login?redirectUrl=%2Fteam,ok,false,false,false,false,false,false,false,false,false,false,0,,false,,false,,false,,https://wise.jobs/,ok,0,,https://www.linkedin.com/company/wiseaccount,high,
lge.com,https://www.lg.com/pt/,ok,,missing,false,false,false,false,false,false,false,false,false,false,0,,false,,false,,false,,,missing,,,,low,
split.io,https://www.split.io/,ok,https://www.harness.io/company/about-us?utm_campaign=fme&utm_source=split_io&utm_medium=redirect&utm_content=individual,ok,true,false,false,false,false,false,false,false,false,false,1,chief marketing officer,true,cmo,false,,false,,https://www.harness.io/company/careers?utm_campaign=fme&utm_source=split_io&utm_medium=redirect&utm_content=individual,ok,0,,https://www.linkedin.com/company/6646849,high,
netlify.app,https://www.netlify.com/,ok,https://www.netlify.com/about/,ok,false,false,false,false,false,false,false,false,false,false,0,,false,,false,,false,,https://www.netlify.com/careers/,ok,0,,https://www.linkedin.com/company/netlify,high,
gofundme.com,https://www.gofundme.com/,ok,https://www.gofundme.com/c/executive-team,ok,false,false,false,false,false,false,false,false,false,false,0,,false,,false,,false,,https://www.gofundme.com/c/careers,ok,2,Marketing Manager;Marketing Lead,,medium,
usercentrics.eu,https://usercentrics.com/,ok,https://usercentrics.com/about-us/,ok,true,false,false,false,false,false,false,false,false,false,1,cmo,true,cmo,false,,false,,https://usercentrics.com/career/,ok,0,,https://www.linkedin.com/company/usercentrics,high,
trello.com,https://trello.com/,ok,https://trello.com/team,ok,false,false,false,false,false,false,false,false,false,false,0,,false,,false,,false,,https://trello.com/careers,ok,0,,https://www.linkedin.com/company/atlassian,high,
medallia.com,https://www.medallia.com/,ok,https://www.medallia.com/about-us/,ok,false,false,false,false,false,false,false,false,false,false,0,,false,,false,,false,,https://jobs.medallia.com/,ok,0,,https://www.linkedin.com/company/medallia-inc,high,
wayground.com,https://wayground.com/,ok,https://wayground.com/home/about,ok,false,false,false,false,false,false,false,false,false,false,1,growth lead,false,marketing_lead,false,,false,,https://wayground.com/home/careers,ok,0,,,high,
redtube.com,https://www.redtube.com/,ok,,missing,false,false,false,false,false,false,false,false,false,false,0,,false,,false,,false,,,missing,,,,low,
attn.tv,https://www.attentive.com/?utm_source=attn.tv,ok,https://www.attentive.com/?utm_source=attn.tv/team,ok,false,false,false,false,false,false,false,false,false,false,0,,false,,false,,false,,https://www.attentive.com/?utm_source=attn.tv/careers,ok,0,,https://www.linkedin.com/company/attentivemobile,high,
sectigo.com,https://www.sectigo.com/,ok,https://www.sectigo.com/about,ok,false,false,false,false,false,false,false,false,false,false,0,,false,,false,,false,,https://www.sectigo.com/careers,ok,0,,https://www.linkedin.com/company/sectigo,high,
singular.net,https://www.singular.net/,ok,https://www.singular.net/about-us/company-culture/,ok,false,false,false,false,false,false,false,false,false,false,0,,false,,false,,false,,https://www.singular.net/careers/,ok,0,,https://www.linkedin.com/company/singular-labs,high,
huggingface.co,https://huggingface.co/,ok,https://huggingface.co/Team,ok,false,false,false,false,false,false,false,false,false,false,0,,false,,false,,false,,https://apply.workable.com/huggingface,ok,0,,https://www.linkedin.com/company/huggingface,high,
eepurl.com,https://mailchimp.com/pt-br/,ok,https://mailchimp.com/pt-br/about/,ok,false,false,false,false,false,false,false,false,false,false,0,,false,,false,,false,,https://mailchimp.com/pt-br/jobs/,ok,0,,https://www.linkedin.com/company/mailchimp,high,
oreilly.com,https://www.oreilly.com/,ok,https://www.oreilly.com/about/,ok,false,false,false,false,false,false,false,false,false,false,0,,false,,false,,false,,https://www.oreilly.com/careers/,ok,0,,https://www.linkedin.com/company/oreilly,high,
trustarc.com,https://trustarc.com/,ok,https://trustarc.com/company/why-trustarc/,ok,false,false,false,false,false,false,false,false,false,false,0,,false,,false,,false,,https://trustarc.com/company/careers/,ok,0,,https://www.linkedin.com/company/trustarc,high,
livechatinc.com,https://www.livechat.com/,ok,https://www.text.com/team/,ok,false,false,true,false,true,false,false,false,false,false,2,head of marketing;marketing manager,true,head_of_marketing,false,,false,,https://www.livechat.com/careers/,ok,0,,https://www.linkedin.com/company/text,high,
magnific.com,https://www.magnific.com/,ok,,missing,false,false,false,false,false,false,false,true,false,false,1,head of content,true,head_of_content,false,,false,,https://jobs.magnific.com/,ok,0,,https://www.linkedin.com/company/magnific,medium,
salesforceliveagent.com,https://www.salesforce.com/eu/?ir=1&bc=DB,ok,https://www.salesforce.com/eu/?ir=1&bc=DB/team,ok,false,false,false,false,false,false,false,false,false,false,0,,false,,false,,false,,https://www.salesforce.com/eu/?ir=1&bc=DB/careers,ok,0,,,medium,
twilio.com,https://www.twilio.com/en-us,ok,https://www.twilio.com/en-us/company,ok,true,false,false,false,false,false,false,false,false,false,1,chief marketing officer,true,cmo,false,,false,,,missing,,,https://www.linkedin.com/company/twilio-inc-,high,
intercom.com,https://www.intercom.com/,ok,https://fin.ai/about,ok,false,false,false,false,false,false,false,false,false,false,0,,false,,false,,false,,https://fin.ai/careers,ok,0,,https://www.linkedin.com/company/intercom,high,
dnsimple.com,https://dnsimple.com/,ok,https://dnsimple.com/about,ok,false,false,false,false,false,false,false,false,false,false,0,,false,,false,,false,,https://dnsimple.com/jobs,ok,0,,https://www.linkedin.com/company/dnsimple,high,
investing.com,https://www.investing.com/,ok,https://www.investing.com/about-us/,ok,false,false,false,false,false,false,false,false,false,false,0,,false,,false,,false,,,missing,,,https://www.linkedin.com/company/investing-com,medium,
mapbox.com,https://www.mapbox.com/,ok,https://www.mapbox.com/company,ok,false,false,false,false,false,false,false,false,false,false,0,,false,,false,,false,,https://www.mapbox.com/careers,ok,0,,https://www.linkedin.com/company/mapbox,high,
adroll.com,https://www.adroll.com/,ok,https://www.adroll.com/why-adroll,ok,false,false,false,false,true,false,false,false,false,false,1,marketing manager,false,marketing_manager,false,,false,,https://www.nextroll.com/careers,ok,0,,https://www.linkedin.com/company/nextroll,high,
appier.net,https://www.appier.com/en/,ok,https://www.appier.com/en/about,ok,false,false,false,false,false,false,false,false,false,false,0,,false,,false,,false,,,missing,,,https://www.linkedin.com/company/appier,medium,
moengage.com,https://www.moengage.com/,ok,https://www.moengage.com/about-us/,ok,false,false,false,false,false,false,false,false,false,false,0,,false,,false,,false,,https://www.moengage.com/careers/,ok,0,,https://www.linkedin.com/company/moengage,high,
truste.com,https://trustarc.com/,ok,https://trustarc.com/company/why-trustarc/,ok,false,false,false,false,false,false,false,false,false,false,0,,false,,false,,false,,https://trustarc.com/company/careers/,ok,0,,https://www.linkedin.com/company/trustarc,high,
supabase.co,https://supabase.com/,ok,https://supabase.com/company,ok,false,false,false,false,false,false,false,false,false,false,0,,false,,false,,false,,https://supabase.com/careers,ok,1,Marketing Manager,https://www.linkedin.com/company/supabase,high,
iubenda.com,https://www.iubenda.com/en/,ok,,missing,false,false,false,false,false,false,false,false,false,false,0,,false,,false,,false,,,missing,,,https://www.linkedin.com/company/iubenda,low,
evernote.com,https://evernote.com/,ok,https://bendingspoons.com/,ok,false,false,false,false,false,false,false,false,false,false,0,,false,,false,,false,,https://jobs.bendingspoons.com/,ok,0,,https://www.linkedin.com/company/evernote,high,
segment.com,https://www.twilio.com/en-us/segment,ok,,missing,false,false,false,false,false,false,false,false,false,false,0,,false,,false,,false,,,missing,,,https://www.linkedin.com/company/twilio-inc-,low,
one.com,https://www.one.com/en-gb/,ok,https://www.one.com/en-gb/about/,ok,false,false,false,false,false,false,false,false,false,false,0,,false,,false,,false,,,missing,,,https://www.linkedin.com/company/one,medium,
squareup.com,https://squareup.com/us/en,ok,https://squareup.com/us/en/about,ok,true,false,false,false,false,false,false,false,false,false,1,cmo,true,cmo,false,,false,,https://careers.squareup.com/us/en,ok,0,,,high,
proofpoint.com,https://www.proofpoint.com/us,ok,https://www.proofpoint.com/us/company/about,ok,false,false,false,false,false,false,false,false,false,false,0,,false,,false,,false,,https://www.proofpoint.com/us/company/careers,ok,0,,https://www.linkedin.com/company/proofpoint,high,
ahrefs.com,https://ahrefs.com/,ok,https://ahrefs.com/team,ok,false,false,false,false,false,false,false,false,false,false,0,,false,,false,,false,,https://ahrefs.com/careers,ok,2,Content marketing Content Explorer Track your web mentions & find link prospects;Local SEO GBP Monitor New Manage Google Business Profiles at scale,https://www.linkedin.com/company/ahrefs,high,
cpanel.com,https://www.cpanel.net/,ok,https://www.cpanel.net/company/,ok,false,false,false,false,false,false,false,false,false,false,0,,false,,false,,false,,https://www.cpanel.net/company/,ok,0,,https://www.linkedin.com/company/cpanel,high,
semrush.com,https://www.semrush.com/,ok,https://www.semrush.com/company/,ok,false,false,false,false,false,false,false,false,false,false,0,,false,,false,,false,,https://careers.semrush.com/,ok,1,"Annual winner of multiple digital software, SEO and Global Search awards",https://www.linkedin.com/company/semrush,high,
sap.com,https://www.sap.com/index.html,ok,https://www.sap.com/index.html,ok,false,false,false,false,false,false,false,false,false,false,0,,false,,false,,false,,https://www.sap.com/index.html,ok,0,,https://www.linkedin.com/company/sap,high,
revenuecat.com,https://www.revenuecat.com/,ok,https://jobs.ashbyhq.com/revenuecat,ok,false,false,false,false,false,false,false,false,false,false,0,,false,,false,,false,,https://jobs.ashbyhq.com/revenuecat,ok,0,,,medium,
datto.com,https://www.datto.com/,ok,https://www.datto.com/about/,ok,false,false,false,false,false,false,false,false,false,false,0,,false,,false,,false,,https://www.kaseya.com/careers/jobs/,ok,0,,https://www.linkedin.com/company/datto-inc-,high,
hover.com,https://www.hover.com/,ok,https://www.hover.com/about,ok,false,false,false,false,false,false,false,false,false,false,0,,false,,false,,false,,,missing,,,,medium,
quantummetric.com,https://www.quantummetric.com/,ok,https://www.quantummetric.com/team,ok,false,false,false,false,false,false,false,false,false,false,0,,false,,false,,false,,https://www.quantummetric.com/careers,ok,0,,https://www.linkedin.com/company/quantum-metric,high,
miro.com,https://miro.com/,ok,https://miro.com/about/,ok,true,false,false,false,false,false,false,false,false,false,1,chief marketing officer,true,cmo,false,,false,,https://miro.com/careers/,ok,0,,https://www.linkedin.com/company/mirohq,high,
ninjarmm.com,https://www.ninjaone.com/,ok,https://www.ninjaone.com/about-us/,ok,false,false,false,false,false,false,false,false,false,false,0,,false,,false,,false,,https://www.ninjaone.com/careers/,ok,1,Marketing Director,https://www.linkedin.com/company/ninjaone,high,
useinsider.com,https://insiderone.com/,ok,https://insiderone.com/pt/about-bdr-role/,ok,false,false,false,false,false,false,false,false,false,false,0,,false,,false,,false,,https://insiderone.com/careers/,ok,0,,https://www.linkedin.com/company/useinsider,high,
userway.org,https://userway.org/,ok,https://userway.org/team/,ok,false,false,false,false,false,false,false,false,false,false,0,,false,,false,,false,,https://userway.org/careers/,ok,0,,https://www.linkedin.com/company/userway,high,
fliphtml5.com,https://fliphtml5.com/,ok,https://fliphtml5.com/about-us/,ok,false,false,false,false,false,false,false,false,false,false,0,,false,,false,,false,,,missing,,,,medium,
microsoft365.com,https://m365.cloud.microsoft/?from=OfficeKey&origindomain=microsoft365,ok,https://m365.cloud.microsoft/?from=OfficeKey&origindomain=microsoft365/team,ok,false,false,false,false,false,false,false,false,false,false,0,,false,,false,,false,,https://m365.cloud.microsoft/?from=OfficeKey&origindomain=microsoft365/careers,ok,0,,https://www.linkedin.com/company/3509299,high,
asana.com,https://asana.com/,ok,https://asana.com/jobs,ok,false,false,false,false,false,false,false,false,false,false,0,,false,,false,,false,,https://asana.com/jobs,ok,0,,https://www.linkedin.com/company/asana,high,
gameanalytics.com,https://www.gameanalytics.com/,ok,https://www.gameanalytics.com/company,ok,false,false,false,false,false,false,false,false,false,false,0,,false,,false,,false,,https://www.gameanalytics.com/company/careers,ok,0,,https://www.linkedin.com/company/gameanalytics,high,
chartbeat.net,https://chartbeat.com/,ok,https://chartbeat.com/team/,ok,false,false,false,false,true,false,false,false,false,false,1,marketing manager,false,marketing_manager,false,,false,,https://chartbeat.com/signin/,ok,0,,https://www.linkedin.com/company/chartbeat,high,
onrender.com,https://render.com/,ok,https://render.com/about,ok,false,true,false,false,false,false,false,false,false,false,1,vp of marketing,true,vp_marketing,false,,false,,https://render.com/careers,ok,0,,https://www.linkedin.com/company/renderco,high,
lg.com,https://www.lg.com/pt/,ok,,missing,false,false,false,false,false,false,false,false,false,false,0,,false,,false,,false,,,missing,,,,low,
customer.io,https://customer.io/,ok,https://customer.io/about,ok,true,false,false,false,false,false,false,false,false,false,2,chief marketing officer;cmo,true,cmo,false,,false,,https://customer.io/careers,ok,0,,https://www.linkedin.com/company/customer-io,high,
crazyegg.com,https://www.crazyegg.com/,ok,https://www.crazyegg.com/about-us,ok,false,false,false,false,false,false,false,false,false,false,0,,false,,false,,false,,https://www.crazyegg.com/careers,ok,1,Marketing Specialist,https://www.linkedin.com/company/crazy-egg,high,
notion.site,https://www.notion.com/,ok,https://www.notion.com/about,ok,false,false,false,false,false,false,false,false,false,false,0,,false,,false,,false,,https://www.notion.com/careers,ok,1,Marketing Manager,https://www.linkedin.com/company/notionhq,high,
grafana.com,https://grafana.com/,ok,https://grafana.com/careers/,ok,false,false,false,false,false,false,false,false,false,false,0,,false,,false,,false,,https://grafana.com/careers/,ok,0,,https://www.linkedin.com/company/grafana-labs,high,
elastic.co,https://www.elastic.co/,ok,https://www.elastic.co/about,ok,false,false,false,false,false,false,false,false,false,false,0,,false,,false,,false,,https://www.elastic.co/careers,ok,0,,https://www.linkedin.com/company/elastic-co,high,
ssl.com,https://www.ssl.com/,ok,https://www.ssl.com/about/,ok,false,false,false,false,false,false,false,false,false,false,0,,false,,false,,false,,https://www.ssl.com/careers/,ok,0,,https://www.linkedin.com/company/ssl-com,high,
bunny.net,https://bunny.net/,ok,https://bunny.net/about/,ok,false,false,false,false,false,false,false,false,false,false,0,,false,,false,,false,,https://bunny.net/careers/,ok,0,,https://www.linkedin.com/company/bunnynet,high,
zend.com,https://www.zend.com/,ok,https://www.zend.com/about,ok,false,false,false,false,false,false,false,false,false,false,0,,false,,false,,false,,,missing,,,https://www.linkedin.com/company/perforce-zend,medium,
splashtop.com,https://www.splashtop.com/,ok,https://www.splashtop.com/resources/case-studies/teamlogic-it,ok,false,false,false,false,false,false,false,false,false,false,0,,false,,false,,false,,https://www.splashtop.com/about/careers,ok,1,Marketing Manager,https://www.linkedin.com/company/splashtop,high,
clickup.com,https://clickup.com/,ok,https://clickup.com/about,ok,false,false,false,false,false,false,false,false,false,false,0,,false,,false,,false,,https://clickup.com/careers,ok,0,,https://www.linkedin.com/company/12949663,high,
churnzero.net,https://churnzero.com/,ok,,missing,false,false,false,false,false,false,false,false,false,false,0,,false,,false,,false,,https://churnzero.com/careers,ok,0,,https://www.linkedin.com/company/churnzero,medium,
visualwebsiteoptimizer.com,https://vwo.com/,ok,https://vwo.com/success-stories/teamleader/,ok,false,false,false,false,false,false,false,false,false,false,0,,false,,false,,false,,https://wingify.com/careers/,ok,0,,,medium,
su89-cdn.net,https://su89-cdn.net/,ok,https://su89-cdn.net/about,ok,false,false,false,false,false,false,false,false,false,false,0,,false,,false,,false,,,missing,,,,medium,
splunkcloud.com,https://www.splunk.com/,ok,https://www.splunk.com/en_us/about-splunk.html,ok,false,false,false,false,false,false,false,false,false,false,0,,false,,false,,false,,https://careers.cisco.com/global/en/splunk,ok,0,,https://www.linkedin.com/company/splunk,high,
lastpass.com,https://www.lastpass.com/,ok,https://www.lastpass.com/static/errors/404.html?item=%2fcompany&layout=%7b00000000-0000-0000-0000-000000000000%7d&device=Default,ok,false,false,false,false,false,false,false,false,false,false,0,,false,,false,,false,,https://www.lastpass.com/company/careers,ok,0,,https://www.linkedin.com/company/lastpass,high,
screenconnect.com,https://www.screenconnect.com/,ok,https://marketplace.connectwise.com/,ok,false,false,false,false,false,false,false,false,false,false,0,,false,,false,,false,,,missing,,,https://www.linkedin.com/company/connectwise,medium,
gotowebinar.com,https://www.goto.com/webinar,ok,,missing,false,false,false,false,true,false,false,false,false,false,1,marketing manager,false,marketing_manager,false,,false,,,missing,,,,low,
moodle.com,https://moodle.com/,ok,https://moodle.com/about/,ok,false,false,false,false,false,false,false,false,false,false,0,,false,,false,,false,,https://moodle.com/careers/,ok,0,,https://www.linkedin.com/company/moodle,high,
kbz0pwvxmv.com,https://kbz0pwvxmv.com/,ok,https://kbz0pwvxmv.com/about,ok,false,false,false,false,false,false,false,false,false,false,0,,false,,false,,false,,,missing,,,,medium,
verkada.com,https://www.verkada.com/,ok,https://www.verkada.com/about/,ok,true,false,false,false,false,false,false,false,false,false,1,chief marketing officer,true,cmo,false,,false,,https://www.verkada.com/careers/,ok,0,,https://www.linkedin.com/company/12699415,high,
cutt.ly,https://cutt.ly/,ok,https://cutt.ly/,ok,false,false,false,false,false,false,false,false,false,false,0,,false,,false,,false,,https://alpinepubliclibrary.org/resources/career-development-test-prep/,ok,0,,,medium,
urbanairship.com,https://www.airship.com/,ok,https://www.airship.com/company/why-airship/,ok,true,false,false,false,false,false,false,false,false,false,1,chief marketing officer,true,cmo,false,,false,,https://www.airship.com/company/careers/,ok,0,,https://www.linkedin.com/company/airship-social,high,
prezi.com,https://prezi.com/,ok,https://prezi.com/about/,ok,false,false,false,false,false,false,false,false,false,false,0,,false,,false,,false,,https://prezi.com/jobs,ok,0,,https://www.linkedin.com/company/prezi,high,
envato.com,https://elements.envato.com/,ok,https://elements.envato.com/about,ok,false,false,false,false,false,false,false,false,false,false,0,,false,,false,,false,,,missing,,,https://www.linkedin.com/company/envato,medium,
matomo.org,https://matomo.org/,ok,https://matomo.org/team/,ok,false,false,false,false,false,false,false,false,false,false,0,,false,,false,,false,,https://matomo.org/jobs/,ok,0,,https://www.linkedin.com/company/matomo,high,
brevo.com,https://www.brevo.com/,ok,https://www.brevo.com/company/about/,ok,false,false,false,false,false,false,false,false,false,false,0,,false,,false,,false,,https://www.brevo.com/careers/,ok,0,,https://www.linkedin.com/company/brevo,high,
ringcentral.com,https://www.ringcentral.com/,ok,https://www.ringcentral.com/company.html,ok,false,false,false,false,false,false,false,false,false,false,0,,false,,false,,false,,https://www.ringcentral.com/company/careers/overview.html,ok,0,,https://www.linkedin.com/company/ringcentral,high,
evergage.com,https://www.salesforce.com/marketing/personalization/?bc=DB,ok,https://www.salesforce.com/marketing/personalization/?bc=DB/team,ok,false,false,false,false,false,false,false,false,false,false,0,,false,,false,,false,,https://www.salesforce.com/marketing/personalization/?bc=DB/careers,ok,0,,,medium,
surfshark.com,https://surfshark.com/,ok,https://surfshark.com/about-us,ok,true,false,false,false,false,false,false,false,false,false,1,cmo,true,cmo,false,,false,,,missing,,,,medium,
comodoca.com,https://www.sectigo.com/?utm_source=redirect&utm_medium=tier2&utm_campaign=comodoca,ok,https://www.sectigo.com/?utm_source=redirect&utm_medium=tier2&utm_campaign=comodoca/team,ok,false,false,false,false,false,false,false,false,false,false,0,,false,,false,,false,,https://www.sectigo.com/?utm_source=redirect&utm_medium=tier2&utm_campaign=comodoca/careers,ok,0,,https://www.linkedin.com/company/sectigo,high,
podbean.com,https://www.podbean.com/,ok,https://www.podbean.com/about-us,ok,false,false,false,false,false,false,false,false,false,false,0,,false,,false,,false,,https://www.podbean.com/careers,ok,1,Podbean AI Podbean AI AI-Enhanced Audio Quality and Content Generation,https://www.linkedin.com/company/podbean,high,
crowdstrike.com,https://www.crowdstrike.com/en-us/,ok,https://www.crowdstrike.com/en-us/about-us/,ok,false,false,false,false,false,false,false,false,false,false,0,,false,,false,,false,,https://www.crowdstrike.com/en-us/careers/,ok,0,,https://www.linkedin.com/company/crowdstrike,high,
parallels.com,https://www.parallels.com/,ok,https://www.parallels.com/about/,ok,false,false,false,false,false,false,false,false,false,false,0,,false,,false,,false,,https://www.parallels.com/careers/,ok,0,,https://www.linkedin.com/company/parallels,high,
hubspot.net,https://www.hubspot.com/,ok,https://www.hubspot.com/our-story,ok,false,true,true,false,true,false,false,false,false,false,3,marketing manager;head of marketing;vp of marketing,true,vp_marketing,false,,false,,https://www.hubspot.com/careers,ok,0,,https://www.linkedin.com/company/hubspot,high,
1password.com,https://1password.com/,ok,https://1password.com/company,ok,true,false,false,false,false,false,false,false,false,false,1,chief marketing officer,true,cmo,false,,false,,https://1password.com/careers,ok,0,,https://www.linkedin.com/company/1password,high,
rudderstack.com,https://www.rudderstack.com/,ok,https://www.rudderstack.com/about/,ok,false,false,false,false,false,false,false,false,false,false,0,,false,,false,,false,,https://www.rudderstack.com/careers/,ok,0,,https://www.linkedin.com/company/rudderstack,high,
jampp.com,https://www.jampp.com/,ok,https://www.jampp.com/about,ok,false,false,false,false,false,false,false,false,false,false,0,,false,,false,,false,,https://www.jampp.com/careers,ok,0,,https://www.linkedin.com/company/jampp,high,
about.me,https://about.me/,ok,https://about.me/team,ok,false,false,false,false,false,false,false,false,false,false,0,,false,,false,,false,,https://about.me/careers,ok,0,,,medium,
paramountplus.com,https://www.paramountplus.com/intl/,ok,,missing,false,false,false,false,false,false,false,false,false,false,0,,false,,false,,false,,,missing,,,,low,
bigcommerce.com,https://www.bigcommerce.com/,ok,https://www.bigcommerce.com/company/,ok,false,false,false,false,false,false,false,false,false,false,0,,false,,false,,false,,https://www.bigcommerce.com/company/careers/,ok,1,Enterprise Growth Package Increase sales by improving SEO and conversion,https://www.linkedin.com/company/bigcommerce,high,
goguardian.com,https://www.goguardian.com/,ok,https://www.goguardian.com/leadership,ok,false,false,false,false,false,false,false,false,false,false,0,,false,,false,,false,,https://www.goguardian.com/careers,ok,0,,https://www.linkedin.com/company/goguardian,high,
cookieyes.com,https://www.cookieyes.com/,ok,https://www.cookieyes.com/about/,ok,false,false,false,false,false,false,false,false,false,false,0,,false,,false,,false,,https://www.cookieyes.com/,ok,0,,https://www.linkedin.com/company/cookieyeshq,high,
incognia.com,https://www.incognia.com/,ok,https://www.incognia.com/about,ok,false,false,false,false,false,false,false,false,false,false,0,,false,,false,,false,,https://www.incognia.com/careers,ok,0,,https://www.linkedin.com/company/incognia,high,
webflow.io,https://webflow.com/,ok,https://webflow.com/company/about,ok,true,false,false,false,false,false,false,false,false,false,1,chief marketing officer,true,cmo,false,,false,,https://webflow.com/company/careers,ok,0,,https://www.linkedin.com/company/webflow-inc-,high,
gumroad.com,https://gumroad.com/,ok,https://team.gumroad.com/,ok,false,false,false,false,false,false,false,false,false,false,0,,false,,false,,false,,https://gumroad.com/careers,ok,0,,,medium,
salesforce-scrt.com,https://www.salesforce.com/eu/?ir=1&bc=DB,ok,https://www.salesforce.com/eu/?ir=1&bc=DB/team,ok,false,false,false,false,false,false,false,false,false,false,0,,false,,false,,false,,https://www.salesforce.com/eu/?ir=1&bc=DB/careers,ok,0,,,medium,
x-cdn-static.com,https://x-cdn-static.com/,ok,https://x-cdn-static.com/about,ok,false,false,false,false,false,false,false,false,false,false,0,,false,,false,,false,,,missing,,,,medium,
webflow.com,https://webflow.com/,ok,https://webflow.com/company/about,ok,true,false,false,false,false,false,false,false,false,false,1,chief marketing officer,true,cmo,false,,false,,https://webflow.com/company/careers,ok,0,,https://www.linkedin.com/company/webflow-inc-,high,
c6gj-static.net,https://c6gj-static.net/,ok,https://c6gj-static.net/about,ok,false,false,false,false,false,false,false,false,false,false,0,,false,,false,,false,,,missing,,,,medium,
n-able.com,https://www.n-able.com/,no_data,,missing,false,false,false,false,false,false,false,false,false,false,0,,false,,false,,false,,,missing,,,,low,
inmotionhosting.com,https://www.inmotionhosting.com/,ok,https://www.inmotionhosting.com/about-us,ok,false,false,false,false,false,false,false,false,false,false,0,,false,,false,,false,,https://www.inmotionhosting.com/employment/,ok,0,,https://www.linkedin.com/company/inmotion-hosting,high,
moz.com,https://moz.com/,ok,https://moz.com/about,ok,false,false,false,false,false,false,false,false,false,false,0,,false,,false,,false,,https://moz.com/about/jobs,ok,4,"Moz Local Raise your local SEO visibility with complete local SEO management;Compare SEO Products See which Moz SEO solution best meets your business needs;MozBar See top SEO metrics for free as you browse the web;Moz is a registered trademark of SEOMoz, Inc",https://www.linkedin.com/company/moz,high,
airtable.com,https://www.airtable.com/,ok,https://www.airtable.com/about,ok,false,false,false,false,false,false,false,false,false,false,0,,false,,false,,false,,https://airtable.com/careers,ok,0,,https://linkedin.com/company/airtable,high,
redis.io,https://redis.io/,ok,https://redis.io/about/,ok,false,false,false,false,false,false,false,false,false,false,0,,false,,false,,false,,https://redis.io/company/careers/,ok,0,,https://www.linkedin.com/company/redisinc,high,
joinmassive.com,https://www.joinmassive.com/,ok,https://www.joinmassive.com/about-us,ok,false,false,false,false,false,false,false,false,false,false,0,,false,,false,,false,,https://www.joinmassive.com/careers,ok,0,,https://www.linkedin.com/company/joinmassive,high,
auvik.com,https://www.auvik.com/,ok,https://www.auvik.com/about/,ok,true,false,false,false,false,false,false,false,false,false,1,chief marketing officer,true,cmo,false,,false,,https://www.auvik.com/careers/,ok,1,marketing lead,https://www.linkedin.com/company/auvik,high,
square.site,https://squareup.com/us/en,ok,https://squareup.com/us/en/about,ok,true,false,false,false,false,false,false,false,false,false,1,cmo,true,cmo,false,,false,,https://careers.squareup.com/us/en,ok,0,,,high,
toasttab.com,https://pos.toasttab.com/,no_data,,missing,false,false,false,false,false,false,false,false,false,false,0,,false,,false,,false,,,missing,,,,low,
zapier.com,https://zapier.com/,ok,https://zapier.com/about,ok,false,false,false,false,false,false,false,false,false,false,0,,false,,false,,false,,https://zapier.com/jobs,ok,0,,https://linkedin.com/company/zapier,high,
mystrikingly.com,https://www.strikingly.com/,ok,,missing,false,false,false,false,false,false,false,false,false,false,0,,false,,false,,false,,,missing,,,,low,
imgix.net,https://www.imgix.com/,ok,https://www.imgix.com/about,ok,false,false,false,false,false,false,false,false,false,false,0,,false,,false,,false,,https://www.imgix.com/careers,ok,0,,https://www.linkedin.com/company/3825637,high,
yg5sjx5kzy.com,https://yg5sjx5kzy.com/,ok,https://yg5sjx5kzy.com/about,ok,false,false,false,false,false,false,false,false,false,false,0,,false,,false,,false,,,missing,,,,medium,
elementor.com,https://elementor.com/,ok,https://elementor.com/about,ok,false,false,false,false,false,false,false,false,false,false,0,,false,,false,,false,,https://elementor.careers/explore/,ok,0,,https://www.linkedin.com/company/elementor,high,
proton.me,https://proton.me/,ok,https://proton.me/about,ok,false,false,false,false,false,false,false,false,false,false,0,,false,,false,,false,,https://proton.me/careers,ok,0,,https://www.linkedin.com/company/protonprivacy,high,
intercomcdn.com,https://www.intercom.com/,ok,https://fin.ai/about,ok,false,false,false,false,false,false,false,false,false,false,0,,false,,false,,false,,https://fin.ai/careers,ok,0,,https://www.linkedin.com/company/intercom,high,
powerapps.com,https://www.microsoft.com/pt-pt/power-platform/products/power-apps/,ok,,missing,false,false,false,false,false,false,false,false,false,false,0,,false,,false,,false,,,missing,,,,low,
loom.com,https://www.loom.com/,ok,https://www.atlassian.com/company,ok,false,false,false,false,false,false,false,false,false,false,0,,false,,false,,false,,https://www.atlassian.com/company/careers/all-jobs?team=&location=&search=Loom,ok,0,,https://www.linkedin.com/company/useloom,high,
crunchbase.com,https://www.crunchbase.com/,ok,,missing,false,false,false,false,false,false,false,false,false,false,0,,false,,false,,false,,,missing,,,https://www.linkedin.com/company/crunchbase,low,
wistia.com,https://wistia.com/,ok,https://wistia.com/about,ok,false,false,false,false,false,false,false,false,false,false,0,,false,,false,,false,,https://wistia.com/jobs,ok,1,AI Video Marketing Trends See how marketers are working with AI,https://www.linkedin.com/company/wistia,high,
malwarebytes.com,https://www.malwarebytes.com/,ok,https://www.malwarebytes.com/pricing/teams,ok,false,false,false,false,false,false,false,false,false,false,0,,false,,false,,false,,https://www.malwarebytes.com/jobs,ok,0,,https://www.linkedin.com/company/malwarebytes,high,
hootsuite.com,https://www.hootsuite.com/,ok,https://www.hootsuite.com/about,ok,false,false,false,false,false,false,false,false,false,false,0,,false,,false,,false,,https://www.hootsuite.com/,ok,1,Social Media Marketing and Management Tool,https://www.linkedin.com/company/hootsuite,high,
ex.co,https://ex.co/,ok,https://ex.co/about/,ok,false,false,false,false,false,false,false,false,false,false,0,,false,,false,,false,,https://ex.co/careers/,ok,0,,https://www.linkedin.com/company/excoplatform,high,
hotmart.com,https://hotmart.com/en,ok,https://hotmart.com/en/about,ok,false,false,false,false,false,false,false,false,false,false,0,,false,,false,,false,,https://hotmart.com/en/jobs,ok,0,,https://www.linkedin.com/company/hotmart,high,
guard.io,https://guard.io/,ok,https://guard.io/business?ref=team,ok,false,false,false,false,false,false,false,false,false,false,0,,false,,false,,false,,https://guard.io/careers,ok,1,Marketing Manager,https://www.linkedin.com/company/19192220,high,
ispot.tv,https://www.ispot.tv/,ok,https://www.ispot.tv/about,ok,false,false,false,false,false,false,false,false,false,false,0,,false,,false,,false,,https://www.ispot.tv/about/careers,ok,0,,https://www.linkedin.com/company/ispottv,high,
egnyte.com,https://www.egnyte.com/,ok,https://www.egnyte.com/about-us,ok,false,false,false,false,false,false,false,false,false,false,0,,false,,false,,false,,https://www.egnyte.com/careers,ok,1,Marketing Manager,https://www.linkedin.com/company/egnyte,high,
duosecurity.com,https://duo.com/,ok,https://duo.com/about,ok,false,false,false,false,false,false,false,false,false,false,0,,false,,false,,false,,https://careers.cisco.com/global/en/home,ok,0,,https://www.linkedin.com/company/duosec,high,
foursquare.com,https://foursquare.com/,ok,https://foursquare.com/company/who-we-are/,ok,false,false,false,false,false,false,false,false,false,false,0,,false,,false,,false,,https://foursquare.com/company/careers/,ok,0,,https://www.linkedin.com/company/foursquare,high,
walkme.com,https://www.walkme.com/,ok,https://www.walkme.com/about-us/,ok,false,false,false,false,false,false,false,false,false,false,0,,false,,false,,false,,https://www.walkme.com/careers/,ok,0,,https://www.linkedin.com/company/walkme,high,
glance.net,https://www.glance.cx/,ok,https://www.glance.cx/leadership,ok,true,false,false,false,false,false,false,false,false,false,1,cmo,true,cmo,false,,false,,https://www.glance.cx/careers,ok,0,,https://www.linkedin.com/company/glancecx,high,
voximplant.com,https://voximplant.com/,ok,https://voximplant.com/about,ok,false,false,false,false,false,false,false,false,false,false,0,,false,,false,,false,,https://voximplant.com/careers,ok,0,,https://www.linkedin.com/company/voximplant,high,
freshdesk.com,https://www.freshworks.com/freshdesk/,ok,https://www.freshworks.com/company/about/,ok,false,false,false,false,false,false,false,false,false,false,0,,false,,false,,false,,https://www.freshworks.com/company/careers/,ok,0,,https://linkedin.com/company/freshworks-inc,high,
ko-fi.com,https://ko-fi.com/,no_data,,missing,false,false,false,false,false,false,false,false,false,false,0,,false,,false,,false,,,missing,,,,low,
zscaler.com,https://www.zscaler.com/,ok,https://www.zscaler.com/company/about-zscaler,ok,false,false,false,false,false,false,false,false,false,false,0,,false,,false,,false,,https://www.zscaler.com/careers,ok,0,,https://www.linkedin.com/company/zscaler,high,
consumerreports.org,https://www.consumerreports.org/,ok,https://www.consumerreports.org/about-us/what-we-do/,ok,false,false,false,false,false,false,false,false,false,false,0,,false,,false,,false,,https://www.consumerreports.org/careers/landing-page/,ok,0,,https://www.linkedin.com/company/consumer-reports,high,
threatlocker.com,https://www.threatlocker.com/,ok,https://www.threatlocker.com/company,ok,false,false,false,false,false,false,false,false,false,false,0,,false,,false,,false,,https://www.threatlocker.com/company/careers,ok,0,,https://www.linkedin.com/company/threatlockerinc,high,
docusign.com,https://www.docusign.com/,ok,https://www.docusign.com/company,ok,false,false,false,false,false,false,false,false,false,false,0,,false,,false,,false,,https://careers.docusign.com/careers-home,ok,1,DocuSign Careers Skip to Main Content Back to Docusign,https://www.linkedin.com/company/docusign,high,
ning.com,https://www.ning.com/,ok,https://www.ning.com/about-us/,ok,false,false,false,false,false,false,false,false,false,false,0,,false,,false,,false,,https://www.ning.com/careers/,ok,0,,https://www.linkedin.com/company/ning,high,
gitbook.io,https://www.gitbook.com/,ok,https://www.gitbook.com/about,ok,false,false,false,false,false,false,false,false,false,false,0,,false,,false,,false,,https://www.gitbook.com/careers,ok,0,,https://www.linkedin.com/company/gitbook,high,
linklist.bio,https://linklist.bio/,ok,https://linklist.bio/,ok,false,false,false,false,false,false,false,false,false,false,0,,false,,false,,false,,https://linklist.bio/,ok,0,,,medium,
iterable.com,https://iterable.com/,ok,https://iterable.com/company/,ok,true,false,true,false,false,false,false,false,false,false,2,chief marketing officer;head of marketing,true,cmo,false,,false,,https://iterable.com/careers/,ok,0,,https://www.linkedin.com/company/3119164,high,
chartbeat.com,https://chartbeat.com/,ok,https://chartbeat.com/team/,ok,false,false,false,false,true,false,false,false,false,false,1,marketing manager,false,marketing_manager,false,,false,,https://chartbeat.com/signin/,ok,0,,https://www.linkedin.com/company/chartbeat,high,
ipapi.co,https://ipapi.co/,ok,https://ipapi.co/?q=team,ok,false,false,false,false,false,false,false,false,false,false,0,,false,,false,,false,,https://ipapi.co/careers/,ok,0,,,medium,
houzz.com,https://www.houzz.com/,ok,,missing,false,false,false,false,false,false,false,false,false,false,0,,false,,false,,false,,https://www.houzz.com/jobs,ok,0,,https://www.linkedin.com/company/houzz,medium,
postman.com,https://www.postman.com/,ok,https://www.postman.com/pricing/,ok,false,false,false,false,false,false,false,false,false,false,0,,false,,false,,false,,https://www.postman.com/company/careers/,ok,0,,https://www.linkedin.com/company/postman-platform,high,
termsfeed.com,https://www.termsfeed.com/,no_data,,missing,false,false,false,false,false,false,false,false,false,false,0,,false,,false,,false,,,missing,,,,low,
feedly.com,https://feedly.com/,ok,https://feedly.com/i/my,ok,false,false,false,false,false,false,false,false,false,false,0,,false,,false,,false,,https://feedly.com/i/my,ok,0,,https://www.linkedin.com/company/feedly,high,
riskified.com,https://www.riskified.com/,ok,https://www.riskified.com/about/,ok,true,false,false,false,false,false,false,false,false,false,2,chief marketing officer;cmo,true,cmo,false,,false,,https://www.riskified.com/careers/,ok,0,,https://www.linkedin.com/company/riskified,high,
braze.eu,https://www.braze.com/,ok,https://www.braze.com/company,ok,false,false,false,false,false,false,false,false,false,false,0,,false,,false,,false,,https://www.braze.com/company/careers,ok,1,marketing lead,https://www.linkedin.com/company/792882,high,
a2hosting.com,https://hosting.com/,ok,https://hosting.com/team/,ok,false,false,false,false,false,false,false,false,false,false,0,,false,,false,,false,,https://hosting.com/careers/,ok,0,,https://www.linkedin.com/company/hostingcom,high,
bitly.com,https://bitly.com/,ok,https://bitly.com/pages/about,ok,true,false,false,false,false,false,false,false,false,false,1,chief marketing officer,true,cmo,false,,false,,https://topresume.com/,ok,0,,https://www.linkedin.com/company/bitly,high,
ouraring.com,https://ouraring.com/,ok,https://ouraring.com/about-us,ok,false,false,false,false,false,false,false,false,false,false,0,,false,,false,,false,,https://ouraring.com/careers,ok,0,,,medium,
pushwoosh.com,https://www.pushwoosh.com/,ok,https://www.pushwoosh.com/about/,ok,false,false,false,false,false,false,false,false,false,false,0,,false,,false,,false,,,missing,,,https://www.linkedin.com/company/pushwoosh,medium,
smallpdf.com,https://smallpdf.com/,ok,https://smallpdf.com/about,ok,false,false,false,false,false,false,false,false,false,false,0,,false,,false,,false,,https://smallpdf.com/careers,ok,0,,https://www.linkedin.com/company/smallpdf,high,
bitrix24.com,https://www.bitrix24.com/,ok,https://www.bitrix24.eu/about/,ok,false,false,false,false,false,false,false,false,false,false,0,,false,,false,,false,,,missing,,,https://www.linkedin.com/company/bitrix24,medium,
dashlane.com,https://www.dashlane.com/,ok,https://www.dashlane.com/about,ok,false,false,false,false,false,false,false,false,false,false,0,,false,,false,,false,,https://www.dashlane.com/about/careers,ok,0,,https://www.linkedin.com/company/dashlane,high,
mux.com,https://www.mux.com/,ok,https://www.mux.com/team,ok,false,false,true,true,true,false,false,false,true,false,3,director of marketing;head of marketing;marketing manager,true,head_of_marketing,false,,false,,https://www.mux.com/jobs,ok,0,,https://www.linkedin.com/company/mux,high,
parsely.com,https://www.parse.ly/,ok,https://www.parse.ly/about/,ok,false,false,false,false,false,false,false,false,false,false,0,,false,,false,,false,,https://www.parse.ly/careers/,ok,0,,https://www.linkedin.com/company/parsely-inc-,high,
buzzsprout.com,https://www.buzzsprout.com/,ok,https://www.buzzsprout.com/about,ok,false,false,false,false,false,false,false,false,false,false,0,,false,,false,,false,,,missing,,,,medium,
claude.com,https://claude.com/,ok,https://claude.com/pricing,ok,false,false,false,false,false,false,false,false,false,false,0,,false,,false,,false,,https://claude.ai/careers,ok,0,,https://www.linkedin.com/company/anthropic,high,
xero.com,https://www.xero.com/,ok,https://www.xero.com/about/,ok,false,false,false,false,false,false,false,false,false,false,0,,false,,false,,false,,,missing,,,https://www.linkedin.com/company/xero,medium,
cvent.com,https://www.cvent.com/,ok,https://www.cvent.com/en/company-overview,ok,false,false,false,false,true,false,false,false,false,false,1,marketing manager,false,marketing_manager,false,,false,,https://careers.cvent.com/,ok,0,,https://www.linkedin.com/company/cvent,high,
ondemand.com,https://www.sap.com/products/technology-platform.html,ok,https://www.sap.com/products/technology-platform.html,ok,false,false,false,false,false,false,false,false,false,false,0,,false,,false,,false,,https://www.sap.com/products/technology-platform.html,ok,0,,https://www.linkedin.com/company/sap,high,
wasabisys.com,https://wasabi.com/,ok,https://wasabi.com/company,ok,false,false,false,false,false,false,false,false,false,false,0,,false,,false,,false,,https://wasabi.com/,ok,0,,https://www.linkedin.com/company/wasabitechnologies,high,
emarsys.net,https://emarsys.com/,ok,https://emarsys.com/about-emarsys/,ok,true,false,false,false,true,false,false,false,false,false,2,marketing manager;chief marketing officer,true,cmo,false,,false,,https://emarsys.com/careers/,ok,1,Marketing and sales Marketing and Sales are at the core of our business,https://www.linkedin.com/company/emarsys,high,
vercel.com,https://vercel.com/,ok,https://vercel.com/login?next=%2Fteam,ok,false,false,false,false,false,false,false,false,false,false,0,,false,,false,,false,,https://vercel.com/careers,ok,1,Marketing Manager,https://linkedin.com/company/vercel,high,
lnk.to,https://www.linkfire.com/,ok,https://www.linkfire.com/about-us,ok,false,false,false,false,false,false,false,false,false,false,0,,false,,false,,false,,https://www.linkfire.com/careers,ok,0,,https://www.linkedin.com/company/linkfire,high,
osano.com,https://www.osano.com/,ok,https://www.osano.com/company/about,ok,false,false,false,false,true,false,false,false,false,false,1,marketing manager,false,marketing_manager,false,,false,,https://www.osano.com/company/careers,ok,0,,https://www.linkedin.com/company/osano,high,
celtra.com,https://celtra.com/,ok,https://celtra.com/about/,ok,false,false,false,false,false,false,false,false,false,false,0,,false,,false,,false,,https://celtra.com/careers/,ok,3,marketing lead;Marketing Manager;Marketing lead,https://www.linkedin.com/company/celtra,high,
bitwarden.com,https://bitwarden.com/,ok,https://bitwarden.com/about/,ok,false,false,false,false,false,false,false,false,false,false,0,,false,,false,,false,,https://bitwarden.com/careers/,ok,0,,https://www.linkedin.com/company/bitwarden1,high,
grafana.net,https://grafana.com/,ok,https://grafana.com/careers/,ok,false,false,false,false,false,false,false,false,false,false,0,,false,,false,,false,,https://grafana.com/careers/,ok,0,,https://www.linkedin.com/company/grafana-labs,high,
piano.io,https://www.piano.io/,ok,https://www.piano.io/company/about-us,ok,false,false,false,false,false,false,false,false,false,false,0,,false,,false,,false,,https://www.piano.io/company/careers,ok,0,,https://www.linkedin.com/company/piano-io,high,
plausible.io,https://plausible.io/,ok,https://plausible.io/about,ok,false,false,false,false,false,false,false,false,false,false,0,,false,,false,,false,,,missing,,,https://www.linkedin.com/company/plausible-analytics,medium,
xe.com,https://www.xe.com/,ok,https://www.xe.com/company/,ok,false,false,false,false,false,false,false,false,false,false,0,,false,,false,,false,,,missing,,,https://www.linkedin.com/company/xecurrencyauthority,medium,
zimbra.com,https://www.zimbra.com/,ok,https://synacor.com/about-us,ok,false,false,false,false,false,false,false,false,false,false,0,,false,,false,,false,,,missing,,,,medium,
themegrill.com,https://themegrill.com/,no_data,,missing,false,false,false,false,false,false,false,false,false,false,0,,false,,false,,false,,,missing,,,,low,
powerplatform.com,https://www.microsoft.com/pt-pt/power-platform,ok,,missing,false,false,false,false,false,false,false,false,false,false,0,,false,,false,,false,,,missing,,,,low,
ably.io,https://ably.com/,ok,https://ably.com/about,ok,false,false,false,false,false,false,false,false,false,false,0,,false,,false,,false,,https://ably.com/careers,ok,0,,https://www.linkedin.com/company/ably-realtime,high,
capitaloneshopping.com,https://capitaloneshopping.com/,ok,https://capitaloneshopping.com/not-found,ok,false,false,false,false,false,false,false,false,false,false,0,,false,,false,,false,,https://capitaloneshopping.com/not-found,ok,0,,https://www.linkedin.com/company/capital-one,high,
comodo.com,https://www.comodo.com/,ok,https://www.comodo.com/leadership/,ok,false,false,false,false,false,false,false,false,false,false,0,,false,,false,,false,,https://www.comodo.com/careers/,ok,1,Marketing Manager,,medium,
connectad.io,https://connectad.io/,ok,https://connectad.io/about-us/,ok,false,false,false,false,false,false,false,false,false,false,0,,false,,false,,false,,,missing,,,https://www.linkedin.com/company/weareconnectad,medium,
notion.com,https://www.notion.com/,ok,https://www.notion.com/about,ok,false,false,false,false,false,false,false,false,false,false,0,,false,,false,,false,,https://www.notion.com/careers,ok,1,Marketing Manager,https://www.linkedin.com/company/notionhq,high,
wufoo.com,https://www.wufoo.com/,ok,https://www.wufoo.com/gallery/templates/forms/team-performance/,ok,false,false,false,false,false,false,false,false,false,false,0,,false,,false,,false,,https://www.surveymonkey.com/careers/,ok,0,,,medium,
sproutsocial.com,https://sproutsocial.com/,ok,https://sproutsocial.com/about/,ok,true,false,false,false,false,false,false,false,false,false,1,chief marketing officer,true,cmo,false,,false,,https://sproutsocial.com/careers/,ok,0,,https://www.linkedin.com/company/sprout-social-inc-,high,
sprig.com,https://sprig.com/,ok,https://sprig.com/company,ok,false,false,false,false,false,false,false,false,false,false,0,,false,,false,,false,,https://sprig.com/careers,ok,0,,https://www.linkedin.com/company/sprig-official,high,
helpshift.com,https://www.helpshift.com/,ok,https://www.helpshift.com/,ok,false,true,false,false,false,false,false,false,false,false,1,vice president marketing,false,vp_marketing,false,,false,,https://www.helpshift.com/,ok,0,,https://www.linkedin.com/company/helpshift,high,
readthedocs.org,https://about.readthedocs.com/?ref=app.readthedocs.org,ok,https://about.readthedocs.com/?ref=app.readthedocs.org/team,ok,false,false,false,false,false,false,false,false,false,false,0,,false,,false,,false,,https://about.readthedocs.com/?ref=app.readthedocs.org/careers,ok,0,,,medium,
razorpay.com,https://razorpay.com/,ok,https://razorpay.com/about/,ok,false,false,false,false,false,false,false,false,false,false,0,,false,,false,,false,,https://razorpay.com/careers/,ok,0,,https://linkedin.com/company/razorpay,high,
appboy.com,https://www.braze.com/,ok,https://www.braze.com/company,ok,false,false,false,false,false,false,false,false,false,false,0,,false,,false,,false,,https://www.braze.com/company/careers,ok,1,marketing lead,https://www.linkedin.com/company/792882,high,
elevenlabs.io,https://elevenlabs.io/,ok,https://elevenlabs.io/about,ok,false,false,false,false,false,false,false,false,false,false,0,,false,,false,,false,,https://elevenlabs.io/careers,ok,1,Marketing Lead,https://www.linkedin.com/company/elevenlabsio,high,
ghost.org,https://ghost.org/,ok,https://ghost.org/about,ok,false,false,false,false,false,false,false,false,false,false,0,,false,,false,,false,,https://careers.ghost.org/,ok,0,,,medium,
aruba.it,https://www.aruba.it/en/home.aspx,ok,https://www.aruba.it/en/home.aspx/team,ok,false,false,false,false,false,false,false,false,false,false,0,,false,,false,,false,,https://www.aruba.it/en/home.aspx/careers,ok,0,,https://www.linkedin.com/company/aruba-s-p-a-,high,
medallia.eu,https://www.medallia.com/,ok,https://www.medallia.com/about-us/,ok,false,false,false,false,false,false,false,false,false,false,0,,false,,false,,false,,https://jobs.medallia.com/,ok,0,,https://www.linkedin.com/company/medallia-inc,high,
awin1.com,https://www.awin.com/,ok,https://www.awin.com/pt/sobre-nos,ok,false,false,false,false,false,false,false,false,false,false,0,,false,,false,,false,,https://www.awin.com/pt/carreiras,ok,0,,https://www.linkedin.com/company/awin-global,high,
growthbook.io,https://www.growthbook.io/,ok,https://www.growthbook.io/about,ok,true,false,false,false,false,false,false,false,false,false,1,chief marketing officer,true,cmo,false,,false,,https://www.growthbook.io/careers,ok,1,Careers at GrowthBook,https://www.linkedin.com/company/growthbook,high,
knowbe4.com,https://www.knowbe4.com/,ok,https://www.knowbe4.com/about-us,ok,false,false,false,false,false,false,false,false,false,false,0,,false,,false,,false,,https://www.knowbe4.com/careers,ok,0,,http://www.linkedin.com/company/knowbe4,high,
livechat.com,https://www.livechat.com/,ok,https://www.text.com/team/,ok,false,false,true,false,true,false,false,false,false,false,2,head of marketing;marketing manager,true,head_of_marketing,false,,false,,https://www.livechat.com/careers/,ok,0,,https://www.linkedin.com/company/text,high,
consentmanager.net,https://www.consentmanager.net/en/,ok,https://www.consentmanager.net/en/,ok,false,false,false,false,false,false,false,false,false,false,0,,false,,false,,false,,https://www.consentmanager.net/en/,ok,1,Marketing Specialist,https://www.linkedin.com/company/consentmanager,high,
wandera.com,https://www.jamf.com/,ok,https://www.jamf.com/about/,ok,false,false,false,false,false,false,false,false,false,false,0,,false,,false,,false,,https://www.jamf.com/about/careers/,ok,0,,https://www.linkedin.com/company/jamf-software,high,
termly.io,https://termly.io/,ok,https://termly.io/,ok,false,false,false,false,false,false,false,false,false,false,0,,false,,false,,false,,,missing,,,https://www.linkedin.com/company/termly,medium,
buffer.com,https://buffer.com/,ok,https://buffer.com/about,ok,false,false,false,false,true,false,false,true,false,false,2,marketing manager;head of content,true,head_of_content,false,,false,,https://buffer.com/journey,ok,0,,https://www.linkedin.com/company/bufferapp,high,
bitdrift.io,https://bitdrift.io/,ok,https://bitdrift.io/about,ok,false,false,false,false,false,false,false,false,false,false,0,,false,,false,,false,,https://bitdrift.io/careers,ok,0,,https://www.linkedin.com/company/bitdrift,high,
cursor.com,https://cursor.com/,ok,https://cursor.com/team,ok,false,false,false,false,false,false,false,false,false,false,0,,false,,false,,false,,https://cursor.com/careers,ok,3,Marketing Manager;Marketing Specialist;Marketing Lead,https://www.linkedin.com/company/cursorai,high,
backblazeb2.com,https://www.backblaze.com/cloud-storage,ok,,missing,false,false,false,false,false,false,false,false,false,false,0,,false,,false,,false,,,missing,,,https://www.linkedin.com/company/backblaze,low,
reverbnation.com,https://www.reverbnation.com/,ok,https://www.reverbnation.com/team,ok,false,false,false,false,false,false,false,false,false,false,0,,false,,false,,false,,https://bandlabtechnologies.com/careers/,ok,0,,,medium,
mailerlite.com,https://www.mailerlite.com/,ok,https://www.mailerlite.com/about,ok,false,false,false,false,true,true,false,false,false,false,3,marketing lead;head of growth;marketing manager,true,head_of_growth,false,,false,,https://www.mailerlite.com/jobs,ok,0,,https://www.linkedin.com/company/mailerlite-international,high,
siteforce.com,https://www.salesforce.com/eu/?ir=1&bc=DB,ok,https://www.salesforce.com/eu/?ir=1&bc=DB/team,ok,false,false,false,false,false,false,false,false,false,false,0,,false,,false,,false,,https://www.salesforce.com/eu/?ir=1&bc=DB/careers,ok,0,,,medium,
sanity.io,https://www.sanity.io/,ok,https://www.sanity.io/,ok,false,false,false,false,false,false,false,false,false,false,0,,false,,false,,false,,https://www.sanity.io/careers,ok,0,,https://www.linkedin.com/company/sanity-io,high,
kit.com,https://kit.com/,ok,https://kit.com/about,ok,false,false,true,true,true,false,false,false,false,false,3,marketing manager;head of marketing;director of marketing,true,head_of_marketing,false,,false,,https://kit.com/careers,ok,0,,,high,
wp.me,https://wordpress.com/,ok,https://wordpress.com/about/,ok,false,false,false,false,false,false,false,false,false,false,0,,false,,false,,false,,https://wordpress.com/careers/,ok,0,,,medium,
jivo.ru,https://www.jivo.ru/,ok,,missing,false,false,false,false,false,false,false,false,false,false,0,,false,,false,,false,,,missing,,,,low,
signifyd.com,https://www.signifyd.com/,ok,https://www.signifyd.com/about/,ok,false,false,false,false,false,false,false,false,false,false,0,,false,,false,,false,,https://www.signifyd.com/careers/,ok,1,Marketing Manager,https://www.linkedin.com/company/signifyd,high,
easydns.com,https://easydns.com/,ok,https://easydns.com/about/,ok,false,false,false,false,false,false,false,false,false,false,0,,false,,false,,false,,,missing,,,https://www.linkedin.com/company/easydns,medium,
